ProjectID,ProjectName,RiskID,RiskDescription,RiskProbability,RiskImpact
1,Project 1,R-31,Yes defense pull watch health follow.,0.74,Critical
1,Project 1,R-42,Answer move life whether room.,0.84,Critical
1,Project 1,R-31,Republican minute our.,0.73,High
1,Project 1,R-96,Firm long public during day opportunity deep address.,0.13,High
1,Project 1,R-10,Common focus easy.,0.69,High
1,Project 1,R-66,Pm early fight national either official.,0.11,Medium
1,Project 1,R-12,Rate career between add no benefit seem.,0.63,Medium
1,Project 1,R-89,Decade economy energy drop.,0.5,High
1,Project 1,R-80,Hundred first test use line indicate serve law.,0.77,High
1,Project 1,R-92,Fly standard describe brother thing serious building spend.,0.22,Low
1,Project 1,R-45,Method third data themselves point vote.,0.41,High
1,Project 1,R-26,Successful face bag own close imagine me.,0.77,Medium
1,Project 1,R-7,Certainly return product.,0.46,High
1,Project 1,R-84,Herself already center edge consumer defense size cup.,0.53,Medium
2,Project 2,R-88,Try source us education support despite.,0.56,Low
2,Project 2,R-98,Charge seat list stand another pretty.,0.9,Low
2,Project 2,R-59,Try into all none show important according.,0.51,Low
2,Project 2,R-49,Easy figure interview.,0.83,High
2,Project 2,R-47,Soon send those land build magazine number.,0.43,Critical
2,Project 2,R-16,Enough name experience message during ball seem.,0.39,Low
2,Project 2,R-65,Much hot around high benefit study fill.,0.81,Low
2,Project 2,R-44,Garden yet behind clearly into.,0.25,Low
2,Project 2,R-46,Rest past six.,0.68,Medium
2,Project 2,R-80,Say attention center ever.,0.88,Low
2,Project 2,R-79,Per want five military house pass dark.,0.73,Medium
2,Project 2,R-1,Value daughter enjoy.,0.23,Critical
2,Project 2,R-55,Throw finish sometimes main appear.,0.13,Critical
2,Project 2,R-30,Generation today car bring respond where.,0.55,High
2,Project 2,R-9,Go gas level of.,0.39,Critical
2,Project 2,R-25,Chance than alone bit just deal phone.,0.63,High
2,Project 2,R-53,Capital special west art improve dark treat.,0.24,High
2,Project 2,R-75,Stage special part share southern brother.,0.35,Low
3,Project 3,R-14,Herself rate control action.,0.58,Critical
3,Project 3,R-82,Lead network specific child film.,0.82,Medium
3,Project 3,R-11,From focus small great subject play.,0.43,High
3,Project 3,R-36,Play you oil eye others.,0.84,Medium
3,Project 3,R-60,Hit federal call.,0.25,Medium
3,Project 3,R-88,Anyone treatment success begin question billion buy positive.,0.35,Medium
3,Project 3,R-86,Such anything blue unit.,0.62,High
3,Project 3,R-77,Commercial grow coach appear thank left.,0.51,High
3,Project 3,R-35,Hear society relationship activity space.,0.42,Medium
3,Project 3,R-25,Attention in interview condition charge memory appear sell.,0.47,Critical
3,Project 3,R-26,Whose produce director budget.,0.84,Low
3,Project 3,R-81,Participant star matter music.,0.58,High
3,Project 3,R-39,Father feel share face.,0.65,Low
3,Project 3,R-4,There book apply stand.,0.52,Critical
3,Project 3,R-87,Other magazine cold result far eye range.,0.6,Low
3,Project 3,R-55,Bank wear piece attention.,0.76,Medium
4,Project 4,R-99,About improve raise do customer third.,0.24,High
4,Project 4,R-32,They life eat.,0.63,Medium
4,Project 4,R-6,Explain degree religious treat hope trade sit.,0.2,High
4,Project 4,R-14,Material he adult.,0.22,Critical
4,Project 4,R-64,Its similar red government trial catch quickly.,0.12,Critical
4,Project 4,R-91,Worry physical same player key other she body.,0.61,Critical
4,Project 4,R-48,Voice window former.,0.5,Low
4,Project 4,R-3,Environmental difficult from idea skill head glass.,0.67,High
4,Project 4,R-22,Music nothing travel keep trial.,0.4,Low
4,Project 4,R-52,Magazine character car.,0.48,High
4,Project 4,R-42,Around final election middle stay condition.,0.19,Low
4,Project 4,R-12,Owner eye TV far.,0.5,High
4,Project 4,R-91,Able likely apply million thousand later lead brother.,0.54,Critical
4,Project 4,R-76,Simple contain shake can interview today seem.,0.64,Critical
4,Project 4,R-33,Friend control region key control.,0.32,High
4,Project 4,R-63,First amount property reduce.,0.63,High
5,Project 5,R-10,Whole take relationship no.,0.44,High
5,Project 5,R-97,Arrive message beautiful drug data again organization.,0.81,Low
5,Project 5,R-3,Close against find study condition.,0.14,High
5,Project 5,R-71,Through ahead near of road.,0.72,Medium
5,Project 5,R-61,City hand part.,0.7,Medium
5,Project 5,R-52,Senior blood account window culture.,0.15,Medium
5,Project 5,R-77,Peace result specific civil since which.,0.4,High
5,Project 5,R-100,Able election inside magazine how government whether.,0.31,Critical
5,Project 5,R-74,Practice involve citizen.,0.18,Low
5,Project 5,R-2,For catch surface cause large physical.,0.13,Critical
5,Project 5,R-45,Interesting goal down cup alone store series.,0.79,Medium
5,Project 5,R-93,Drop rate agency computer sort mother far.,0.14,Medium
6,Project 6,R-13,Issue capital admit red.,0.31,Critical
6,Project 6,R-52,Try space me require subject.,0.55,High
6,Project 6,R-81,Day amount trip assume.,0.12,Critical
6,Project 6,R-25,Bar generation realize manage.,0.5,High
6,Project 6,R-36,Ground floor national plan beautiful beat.,0.21,Low
6,Project 6,R-80,Cup total us black address there give.,0.46,High
6,Project 6,R-83,Could doctor sign next base perhaps.,0.72,Low
6,Project 6,R-58,Doctor type often month movement.,0.52,Critical
6,Project 6,R-78,Involve work seek.,0.82,Low
6,Project 6,R-71,Exactly test whether these news five ten most.,0.85,Medium
7,Project 7,R-84,Mean quickly debate.,0.74,Low
7,Project 7,R-29,Major few bar already for structure.,0.18,Low
7,Project 7,R-7,Education window enjoy write his ball walk oil.,0.53,Critical
7,Project 7,R-62,Place between total lose quickly war expert.,0.67,Low
7,Project 7,R-58,Couple course decision.,0.29,Medium
7,Project 7,R-11,Which enjoy fish.,0.43,Critical
7,Project 7,R-35,Father contain newspaper throughout.,0.21,Medium
7,Project 7,R-39,Consider include series course our seat week paper.,0.37,High
7,Project 7,R-98,Action view difficult.,0.3,Low
7,Project 7,R-95,Catch at impact result.,0.28,Critical
7,Project 7,R-41,Nice degree fire well.,0.55,High
7,Project 7,R-67,Happen deal city across subject.,0.59,High
8,Project 8,R-89,Hot number if.,0.53,Low
8,Project 8,R-89,Want east production eat subject spring.,0.53,High
8,Project 8,R-61,Range and bit marriage international cause speech understand.,0.25,High
8,Project 8,R-35,Garden end try read politics term.,0.5,Critical
8,Project 8,R-19,Suggest them sing when amount hand vote.,0.82,High
8,Project 8,R-20,Door measure effort you high film.,0.83,Low
8,Project 8,R-47,Make stop yes which recent marriage.,0.52,High
8,Project 8,R-10,Federal responsibility prepare.,0.52,Low
8,Project 8,R-58,Main operation about pretty its organization.,0.11,High
8,Project 8,R-32,Guy set others apply professional change phone.,0.18,Low
8,Project 8,R-35,Rate guy employee without Democrat.,0.41,Medium
8,Project 8,R-76,Break floor radio season a green friend.,0.23,Medium
9,Project 9,R-80,Call central onto require.,0.51,High
9,Project 9,R-23,Account nice really cost establish single consider.,0.24,Medium
9,Project 9,R-74,Wrong she detail culture.,0.44,High
9,Project 9,R-67,Choose administration another threat meeting.,0.77,High
9,Project 9,R-33,Join office word score little term happen.,0.43,High
9,Project 9,R-51,War whose walk value tell building.,0.31,Low
9,Project 9,R-38,Certain yet say experience opportunity sing them.,0.56,Critical
9,Project 9,R-92,Although court amount expert.,0.89,Critical
9,Project 9,R-76,Test major exist child take least compare.,0.89,High
9,Project 9,R-53,Place return trouble head see tax strategy.,0.67,Critical
9,Project 9,R-50,Win give election.,0.66,Low
9,Project 9,R-56,Official laugh evidence different.,0.42,Critical
9,Project 9,R-18,Check enjoy fear notice affect dog similar his.,0.21,Critical
9,Project 9,R-43,Sport worker hold role.,0.86,High
9,Project 9,R-32,Night over respond kind surface side.,0.31,High
9,Project 9,R-9,Nothing deep together already administration.,0.58,High
9,Project 9,R-83,Ball party fine hour important good.,0.32,Critical
10,Project 10,R-44,Water entire specific others beautiful available score.,0.31,Medium
10,Project 10,R-18,According growth single east car.,0.8,Medium
10,Project 10,R-75,Since current everything.,0.2,Medium
10,Project 10,R-51,Free since surface price age treat take option.,0.35,Medium
10,Project 10,R-71,Federal threat begin local.,0.44,Medium
10,Project 10,R-6,Difference late seek short issue.,0.82,High
10,Project 10,R-95,Race husband ask modern.,0.77,Critical
10,Project 10,R-69,Sometimes themselves floor way above bill.,0.71,Low
10,Project 10,R-79,Father society popular day.,0.47,Critical
10,Project 10,R-16,Site truth citizen behind stay forget.,0.28,High
10,Project 10,R-54,Activity bill course actually entire five.,0.45,High
10,Project 10,R-14,Congress full behind four.,0.68,High
10,Project 10,R-6,Day role amount concern.,0.87,Critical
10,Project 10,R-21,Compare arm least cause east hundred.,0.86,Critical
10,Project 10,R-80,Tv Republican far oil.,0.4,Low
10,Project 10,R-87,Account weight early share.,0.68,Critical
10,Project 10,R-31,Within region official.,0.6,Medium
10,Project 10,R-3,Open those create world move.,0.43,Low
10,Project 10,R-70,Another suggest tonight natural even.,0.31,Low
10,Project 10,R-76,Everybody people writer including.,0.68,High
